"","Condition","Phase","choseManner","numObs","intLower","intUpper","theAvg"
"1","Action","Base",163,265,0.553351415297161,0.673442979166386,0.615094339622641
"2","Effect","Base",79,305,0.211543168087463,0.312682733419014,0.259016393442623
"3","Manner","Base",49,63,0.652237256040244,0.869023081423976,0.777777777777778
"4","Path","Base",48,77,0.505209866847496,0.729132451970761,0.623376623376623
"5","Action","Extension",172,271,0.573966646471779,0.691520770725718,0.634686346863469
"6","Effect","Extension",141,285,0.435419572281992,0.554198310117943,0.494736842105263
"7","Manner","Extension",34,72,0.354765311565528,0.592658204283946,0.472222222222222
"8","Path","Extension",30,88,0.245327400501001,0.450545078764678,0.340909090909091
